,processed_variants,f_measure,fitness,precision,no_model_change,variant
0,0,0.9054621135035568,0.8272551591630073,1.0,,
1,1,0.8190208569536389,0.8206880348652904,0.8173604388512423,False,"(('T02 Check confirmation of receipt', 'T04 Determine confirmation of receipt', 'T05 Print and send confirmation of receipt', 'T06 Determine necessity of stop advice'), <InfixType.NOT_AN_INFIX: 4>)"
2,2,0.8190208569536389,0.8206880348652904,0.8173604388512423,True,"(('Confirmation of receipt', 'T02 Check confirmation of receipt', 'T04 Determine confirmation of receipt', 'T05 Print and send confirmation of receipt', 'T06 Determine necessity of stop advice'), <InfixType.NOT_AN_INFIX: 4>)"
3,3,0.8190208569536389,0.8206880348652904,0.8173604388512423,True,"(('T02 Check confirmation of receipt', 'T04 Determine confirmation of receipt', 'T05 Print and send confirmation of receipt', 'T06 Determine necessity of stop advice', 'T10 Determine necessity to stop indication'), <InfixType.NOT_AN_INFIX: 4>)"
4,4,0.8530079802778077,0.8580985037098191,0.8479774979908921,False,"(('Confirmation of receipt', 'T02 Check confirmation of receipt', 'T06 Determine necessity of stop advice', 'T10 Determine necessity to stop indication', 'T04 Determine confirmation of receipt', 'T05 Print and send confirmation of receipt'), <InfixType.NOT_AN_INFIX: 4>)"
5,5,0.7926714701633123,0.917135260695331,0.6979527819052336,False,"(('Confirmation of receipt',), <InfixType.NOT_AN_INFIX: 4>)"
6,6,0.6239238003102315,0.9568394267687558,0.4628746287462875,False,"(('Confirmation of receipt', 'T06 Determine necessity of stop advice', 'T10 Determine necessity to stop indication', 'T02 Check confirmation of receipt', 'T04 Determine confirmation of receipt', 'T05 Print and send confirmation of receipt'), <InfixType.NOT_AN_INFIX: 4>)"
7,7,0.6239238003102315,0.9568394267687558,0.4628746287462875,True,"(('Confirmation of receipt', 'T02 Check confirmation of receipt', 'T04 Determine confirmation of receipt', 'T06 Determine necessity of stop advice', 'T10 Determine necessity to stop indication', 'T05 Print and send confirmation of receipt'), <InfixType.NOT_AN_INFIX: 4>)"
8,8,0.6239238003102315,0.9568394267687558,0.4628746287462875,True,"(('T02 Check confirmation of receipt', 'T06 Determine necessity of stop advice', 'T10 Determine necessity to stop indication', 'T04 Determine confirmation of receipt', 'T05 Print and send confirmation of receipt'), <InfixType.NOT_AN_INFIX: 4>)"
9,9,0.6239238003102315,0.9568394267687558,0.4628746287462875,True,"(('Confirmation of receipt', 'T06 Determine necessity of stop advice', 'T02 Check confirmation of receipt', 'T04 Determine confirmation of receipt', 'T05 Print and send confirmation of receipt', 'T10 Determine necessity to stop indication'), <InfixType.NOT_AN_INFIX: 4>)"
10,10,0.6239238003102315,0.9568394267687558,0.4628746287462875,True,"(('T06 Determine necessity of stop advice', 'T10 Determine necessity to stop indication', 'T02 Check confirmation of receipt', 'T04 Determine confirmation of receipt', 'T05 Print and send confirmation of receipt'), <InfixType.NOT_AN_INFIX: 4>)"
11,11,0.6640532863745185,0.9595593633888689,0.5077014538182998,False,"(('T02 Check confirmation of receipt', 'T06 Determine necessity of stop advice', 'T10 Determine necessity to stop indication', 'T04 Determine confirmation of receipt'), <InfixType.NOT_AN_INFIX: 4>)"
12,12,0.6442286550781646,0.9711318015514128,0.4819831202304543,False,"(('Confirmation of receipt', 'T02 Check confirmation of receipt', 'T04 Determine confirmation of receipt', 'T05 Print and send confirmation of receipt', 'T06 Determine necessity of stop advice', 'T10 Determine necessity to stop indication', 'T11 Create document X request unlicensed', 'T12 Check document X request unlicensed', 'T14 Determine document X request unlicensed', 'T15 Print document X request unlicensed'), <InfixType.NOT_AN_INFIX: 4>)"
13,13,0.6442286550781646,0.9711318015514128,0.4819831202304543,True,"(('T02 Check confirmation of receipt', 'T04 Determine confirmation of receipt', 'T06 Determine necessity of stop advice', 'T10 Determine necessity to stop indication', 'T05 Print and send confirmation of receipt'), <InfixType.NOT_AN_INFIX: 4>)"
14,14,0.6442286550781646,0.9711318015514128,0.4819831202304543,True,"(('Confirmation of receipt', 'T06 Determine necessity of stop advice', 'T10 Determine necessity to stop indication', 'T02 Check confirmation of receipt', 'T04 Determine confirmation of receipt'), <InfixType.NOT_AN_INFIX: 4>)"
15,15,0.6442286550781646,0.9711318015514128,0.4819831202304543,True,"(('T06 Determine necessity of stop advice', 'T10 Determine necessity to stop indication', 'T02 Check confirmation of receipt', 'T04 Determine confirmation of receipt'), <InfixType.NOT_AN_INFIX: 4>)"
16,16,0.6442286550781646,0.9711318015514128,0.4819831202304543,True,"(('Confirmation of receipt', 'T02 Check confirmation of receipt', 'T06 Determine necessity of stop advice', 'T10 Determine necessity to stop indication', 'T04 Determine confirmation of receipt'), <InfixType.NOT_AN_INFIX: 4>)"
17,17,0.6442286550781646,0.9711318015514128,0.4819831202304543,True,"(('Confirmation of receipt', 'T02 Check confirmation of receipt', 'T06 Determine necessity of stop advice', 'T04 Determine confirmation of receipt', 'T05 Print and send confirmation of receipt', 'T10 Determine necessity to stop indication'), <InfixType.NOT_AN_INFIX: 4>)"
18,18,0.6442286550781646,0.9711318015514128,0.4819831202304543,True,"(('Confirmation of receipt', 'T02 Check confirmation of receipt', 'T04 Determine confirmation of receipt', 'T06 Determine necessity of stop advice', 'T10 Determine necessity to stop indication'), <InfixType.NOT_AN_INFIX: 4>)"
19,19,0.6442286550781646,0.9711318015514128,0.4819831202304543,True,"(('Confirmation of receipt', 'T06 Determine necessity of stop advice', 'T02 Check confirmation of receipt', 'T04 Determine confirmation of receipt', 'T05 Print and send confirmation of receipt'), <InfixType.NOT_AN_INFIX: 4>)"
20,20,0.6442286550781646,0.9711318015514128,0.4819831202304543,True,"(('T02 Check confirmation of receipt', 'T06 Determine necessity of stop advice', 'T04 Determine confirmation of receipt', 'T05 Print and send confirmation of receipt', 'T10 Determine necessity to stop indication'), <InfixType.NOT_AN_INFIX: 4>)"
21,21,0.6442286550781646,0.9711318015514128,0.4819831202304543,True,"(('T06 Determine necessity of stop advice', 'T02 Check confirmation of receipt', 'T04 Determine confirmation of receipt', 'T05 Print and send confirmation of receipt'), <InfixType.NOT_AN_INFIX: 4>)"
22,22,0.6442286550781646,0.9711318015514128,0.4819831202304543,True,"(('Confirmation of receipt', 'T02 Check confirmation of receipt', 'T04 Determine confirmation of receipt', 'T06 Determine necessity of stop advice', 'T05 Print and send confirmation of receipt', 'T10 Determine necessity to stop indication'), <InfixType.NOT_AN_INFIX: 4>)"
23,23,0.6442286550781646,0.9711318015514128,0.4819831202304543,True,"(('T02 Check confirmation of receipt', 'T04 Determine confirmation of receipt', 'T06 Determine necessity of stop advice', 'T10 Determine necessity to stop indication'), <InfixType.NOT_AN_INFIX: 4>)"
24,24,0.6442286550781646,0.9711318015514128,0.4819831202304543,True,"(('Confirmation of receipt', 'T02 Check confirmation of receipt', 'T06 Determine necessity of stop advice', 'T04 Determine confirmation of receipt', 'T10 Determine necessity to stop indication', 'T05 Print and send confirmation of receipt'), <InfixType.NOT_AN_INFIX: 4>)"
25,25,0.6442286550781646,0.9711318015514128,0.4819831202304543,True,"(('Confirmation of receipt', 'T02 Check confirmation of receipt', 'T04 Determine confirmation of receipt', 'T05 Print and send confirmation of receipt', 'T06 Determine necessity of stop advice'), <InfixType.NOT_AN_INFIX: 4>)"
26,26,0.6442286550781646,0.9711318015514128,0.4819831202304543,True,"(('Confirmation of receipt', 'T02 Check confirmation of receipt', 'T06 Determine necessity of stop advice', 'T04 Determine confirmation of receipt', 'T05 Print and send confirmation of receipt'), <InfixType.NOT_AN_INFIX: 4>)"
27,27,0.6442286550781646,0.9711318015514128,0.4819831202304543,True,"(('Confirmation of receipt', 'T02 Check confirmation of receipt', 'T04 Determine confirmation of receipt', 'T05 Print and send confirmation of receipt', 'T06 Determine necessity of stop advice', 'T10 Determine necessity to stop indication', 'T16 Report reasons to hold request', 'T17 Check report Y to stop indication', 'T19 Determine report Y to stop indication', 'T20 Print report Y to stop indication'), <InfixType.NOT_AN_INFIX: 4>)"
28,28,0.6442286550781646,0.9711318015514128,0.4819831202304543,True,"(('Confirmation of receipt', 'T06 Determine necessity of stop advice', 'T02 Check confirmation of receipt', 'T10 Determine necessity to stop indication', 'T04 Determine confirmation of receipt', 'T05 Print and send confirmation of receipt'), <InfixType.NOT_AN_INFIX: 4>)"
29,29,0.6442286550781646,0.9711318015514128,0.4819831202304543,True,"(('T02 Check confirmation of receipt', 'T06 Determine necessity of stop advice', 'T04 Determine confirmation of receipt', 'T05 Print and send confirmation of receipt'), <InfixType.NOT_AN_INFIX: 4>)"
30,30,0.8032974658442145,0.9753202024712624,0.6828579497317142,False,"(('T02 Check confirmation of receipt', 'T04 Determine confirmation of receipt', 'T05 Print and send confirmation of receipt', 'T06 Determine necessity of stop advice', 'T10 Determine necessity to stop indication', 'T11 Create document X request unlicensed', 'T12 Check document X request unlicensed', 'T14 Determine document X request unlicensed'), <InfixType.NOT_AN_INFIX: 4>)"
31,31,0.8032974658442145,0.9753202024712624,0.6828579497317142,True,"(('Confirmation of receipt', 'T02 Check confirmation of receipt', 'T04 Determine confirmation of receipt', 'T05 Print and send confirmation of receipt', 'T06 Determine necessity of stop advice', 'T10 Determine necessity to stop indication', 'T11 Create document X request unlicensed', 'T12 Check document X request unlicensed', 'T14 Determine document X request unlicensed'), <InfixType.NOT_AN_INFIX: 4>)"
32,32,0.8032974658442145,0.9753202024712624,0.6828579497317142,True,"(('Confirmation of receipt', 'T02 Check confirmation of receipt', 'T06 Determine necessity of stop advice', 'T10 Determine necessity to stop indication', 'T04 Determine confirmation of receipt', 'T05 Print and send confirmation of receipt', 'T11 Create document X request unlicensed', 'T12 Check document X request unlicensed', 'T14 Determine document X request unlicensed', 'T15 Print document X request unlicensed'), <InfixType.NOT_AN_INFIX: 4>)"
33,33,0.8032974658442145,0.9753202024712624,0.6828579497317142,True,"(('Confirmation of receipt', 'T02 Check confirmation of receipt', 'T06 Determine necessity of stop advice', 'T04 Determine confirmation of receipt', 'T10 Determine necessity to stop indication'), <InfixType.NOT_AN_INFIX: 4>)"
34,34,0.8032974658442145,0.9753202024712624,0.6828579497317142,True,"(('Confirmation of receipt', 'T02 Check confirmation of receipt', 'T04 Determine confirmation of receipt', 'T06 Determine necessity of stop advice', 'T05 Print and send confirmation of receipt'), <InfixType.NOT_AN_INFIX: 4>)"
35,35,0.8032974658442145,0.9753202024712624,0.6828579497317142,True,"(('Confirmation of receipt', 'T02 Check confirmation of receipt', 'T04 Determine confirmation of receipt', 'T06 Determine necessity of stop advice', 'T07-1 Draft intern advice aspect 1', 'T06 Determine necessity of stop advice', 'T10 Determine necessity to stop indication', 'T05 Print and send confirmation of receipt'), <InfixType.NOT_AN_INFIX: 4>)"
36,36,0.8032974658442145,0.9753202024712624,0.6828579497317142,True,"(('Confirmation of receipt', 'T02 Check confirmation of receipt', 'T06 Determine necessity of stop advice', 'T07-1 Draft intern advice aspect 1', 'T06 Determine necessity of stop advice', 'T10 Determine necessity to stop indication', 'T04 Determine confirmation of receipt', 'T05 Print and send confirmation of receipt'), <InfixType.NOT_AN_INFIX: 4>)"
37,37,0.8032974658442145,0.9753202024712624,0.6828579497317142,True,"(('Confirmation of receipt', 'T06 Determine necessity of stop advice', 'T10 Determine necessity to stop indication', 'T02 Check confirmation of receipt', 'T03 Adjust confirmation of receipt', 'T02 Check confirmation of receipt', 'T04 Determine confirmation of receipt', 'T05 Print and send confirmation of receipt'), <InfixType.NOT_AN_INFIX: 4>)"
38,38,0.42950419504627085,0.991263664437251,0.274143953814295,False,"(('Confirmation of receipt', 'T06 Determine necessity of stop advice'), <InfixType.NOT_AN_INFIX: 4>)"
39,39,0.42950419504627085,0.991263664437251,0.274143953814295,True,"(('T02 Check confirmation of receipt', 'T04 Determine confirmation of receipt', 'T05 Print and send confirmation of receipt', 'T06 Determine necessity of stop advice', 'T10 Determine necessity to stop indication', 'T11 Create document X request unlicensed', 'T12 Check document X request unlicensed', 'T14 Determine document X request unlicensed', 'T15 Print document X request unlicensed'), <InfixType.NOT_AN_INFIX: 4>)"
40,40,0.42950419504627085,0.991263664437251,0.274143953814295,True,"(('Confirmation of receipt', 'T06 Determine necessity of stop advice', 'T02 Check confirmation of receipt', 'T10 Determine necessity to stop indication', 'T04 Determine confirmation of receipt'), <InfixType.NOT_AN_INFIX: 4>)"
41,41,0.42950419504627085,0.991263664437251,0.274143953814295,True,"(('T02 Check confirmation of receipt', 'T04 Determine confirmation of receipt', 'T06 Determine necessity of stop advice', 'T05 Print and send confirmation of receipt'), <InfixType.NOT_AN_INFIX: 4>)"
42,42,0.42950419504627085,0.991263664437251,0.274143953814295,True,"(('T06 Determine necessity of stop advice', 'T02 Check confirmation of receipt', 'T04 Determine confirmation of receipt', 'T05 Print and send confirmation of receipt', 'T10 Determine necessity to stop indication'), <InfixType.NOT_AN_INFIX: 4>)"
43,43,0.42950419504627085,0.991263664437251,0.274143953814295,True,"(('Confirmation of receipt', 'T06 Determine necessity of stop advice', 'T02 Check confirmation of receipt'), <InfixType.NOT_AN_INFIX: 4>)"
44,44,0.42950419504627085,0.991263664437251,0.274143953814295,True,"(('T06 Determine necessity of stop advice', 'T02 Check confirmation of receipt', 'T03 Adjust confirmation of receipt', 'T02 Check confirmation of receipt', 'T10 Determine necessity to stop indication', 'T03 Adjust confirmation of receipt', 'T02 Check confirmation of receipt'), <InfixType.NOT_AN_INFIX: 4>)"
45,45,0.4014299969952929,0.9921822170762099,0.2516160461673943,False,"(('Confirmation of receipt', 'T02 Check confirmation of receipt', 'T04 Determine confirmation of receipt', 'T05 Print and send confirmation of receipt', 'T06 Determine necessity of stop advice', 'T10 Determine necessity to stop indication', 'T16 Report reasons to hold request', 'T17 Check report Y to stop indication', 'T19 Determine report Y to stop indication'), <InfixType.NOT_AN_INFIX: 4>)"
46,46,0.4014299969952929,0.9921822170762099,0.2516160461673943,True,"(('Confirmation of receipt', 'T06 Determine necessity of stop advice', 'T02 Check confirmation of receipt', 'T04 Determine confirmation of receipt', 'T10 Determine necessity to stop indication'), <InfixType.NOT_AN_INFIX: 4>)"
47,47,0.4014299969952929,0.9921822170762099,0.2516160461673943,True,"(('T02 Check confirmation of receipt', 'T04 Determine confirmation of receipt', 'T05 Print and send confirmation of receipt', 'T06 Determine necessity of stop advice', 'T10 Determine necessity to stop indication', 'T11 Create document X request unlicensed'), <InfixType.NOT_AN_INFIX: 4>)"
48,48,0.4014299969952929,0.9921822170762099,0.2516160461673943,True,"(('T02 Check confirmation of receipt', 'T04 Determine confirmation of receipt', 'T05 Print and send confirmation of receipt'), <InfixType.NOT_AN_INFIX: 4>)"
49,49,0.4014299969952929,0.9921822170762099,0.2516160461673943,True,"(('T02 Check confirmation of receipt', 'T04 Determine confirmation of receipt', 'T05 Print and send confirmation of receipt', 'T06 Determine necessity of stop advice', 'T07-5 Draft intern advice aspect 5', 'T06 Determine necessity of stop advice', 'T10 Determine necessity to stop indication', 'T16 Report reasons to hold request', 'T17 Check report Y to stop indication', 'T19 Determine report Y to stop indication', 'T20 Print report Y to stop indication'), <InfixType.NOT_AN_INFIX: 4>)"
50,50,0.4014299969952929,0.9921822170762099,0.2516160461673943,True,"(('T06 Determine necessity of stop advice', 'T10 Determine necessity to stop indication', 'T16 Report reasons to hold request', 'T17 Check report Y to stop indication', 'T19 Determine report Y to stop indication', 'T20 Print report Y to stop indication', 'T02 Check confirmation of receipt', 'T03 Adjust confirmation of receipt', 'T02 Check confirmation of receipt', 'T04 Determine confirmation of receipt', 'T05 Print and send confirmation of receipt'), <InfixType.NOT_AN_INFIX: 4>)"
51,51,0.4014299969952929,0.9921822170762099,0.2516160461673943,True,"(('Confirmation of receipt', 'T02 Check confirmation of receipt', 'T04 Determine confirmation of receipt', 'T05 Print and send confirmation of receipt', 'T06 Determine necessity of stop advice', 'T07-5 Draft intern advice aspect 5', 'T06 Determine necessity of stop advice', 'T07-5 Draft intern advice aspect 5', 'T06 Determine necessity of stop advice', 'T10 Determine necessity to stop indication'), <InfixType.NOT_AN_INFIX: 4>)"
52,52,0.4014299969952929,0.9921822170762099,0.2516160461673943,True,"(('T06 Determine necessity of stop advice', 'T07-2 Draft intern advice aspect 2', 'T08 Draft and send request for advice', 'T09-3 Process or receive external advice from party 3', 'T06 Determine necessity of stop advice', 'T07-2 Draft intern advice aspect 2', 'T06 Determine necessity of stop advice', 'T10 Determine necessity to stop indication', 'T02 Check confirmation of receipt', 'T04 Determine confirmation of receipt', 'T05 Print and send confirmation of receipt'), <InfixType.NOT_AN_INFIX: 4>)"
53,53,0.4014299969952929,0.9921822170762099,0.2516160461673943,True,"(('Confirmation of receipt', 'T02 Check confirmation of receipt', 'T04 Determine confirmation of receipt', 'T05 Print and send confirmation of receipt', 'T06 Determine necessity of stop advice', 'T07-3 Draft intern advice hold for aspect 3', 'T07-2 Draft intern advice aspect 2', 'T06 Determine necessity of stop advice', 'T07-3 Draft intern advice hold for aspect 3', 'T07-2 Draft intern advice aspect 2', 'T06 Determine necessity of stop advice', 'T07-3 Draft intern advice hold for aspect 3', 'T07-2 Draft intern advice aspect 2', 'T06 Determine necessity of stop advice', 'T10 Determine necessity to stop indication'), <InfixType.NOT_AN_INFIX: 4>)"
54,54,0.4014299969952929,0.9921822170762099,0.2516160461673943,True,"(('T02 Check confirmation of receipt', 'T04 Determine confirmation of receipt', 'T06 Determine necessity of stop advice', 'T05 Print and send confirmation of receipt', 'T07-2 Draft intern advice aspect 2', 'T06 Determine necessity of stop advice', 'T07-2 Draft intern advice aspect 2', 'T06 Determine necessity of stop advice', 'T07-2 Draft intern advice aspect 2', 'T06 Determine necessity of stop advice', 'T07-2 Draft intern advice aspect 2', 'T06 Determine necessity of stop advice', 'T07-2 Draft intern advice aspect 2', 'T06 Determine necessity of stop advice', 'T07-2 Draft intern advice aspect 2', 'T06 Determine necessity of stop advice', 'T10 Determine necessity to stop indication'), <InfixType.NOT_AN_INFIX: 4>)"
55,55,0.4014299969952929,0.9921822170762099,0.2516160461673943,True,"(('Confirmation of receipt', 'T02 Check confirmation of receipt', 'T04 Determine confirmation of receipt', 'T06 Determine necessity of stop advice', 'T10 Determine necessity to stop indication', 'T05 Print and send confirmation of receipt', 'T11 Create document X request unlicensed'), <InfixType.NOT_AN_INFIX: 4>)"
56,56,0.4014299969952929,0.9921822170762099,0.2516160461673943,True,"(('T06 Determine necessity of stop advice', 'T10 Determine necessity to stop indication', 'T02 Check confirmation of receipt', 'T03 Adjust confirmation of receipt', 'T02 Check confirmation of receipt', 'T04 Determine confirmation of receipt', 'T05 Print and send confirmation of receipt'), <InfixType.NOT_AN_INFIX: 4>)"
57,57,0.4014299969952929,0.9921822170762099,0.2516160461673943,True,"(('Confirmation of receipt', 'T02 Check confirmation of receipt', 'T04 Determine confirmation of receipt', 'T05 Print and send confirmation of receipt', 'T06 Determine necessity of stop advice', 'T07-1 Draft intern advice aspect 1', 'T06 Determine necessity of stop advice'), <InfixType.NOT_AN_INFIX: 4>)"
58,58,0.4014299969952929,0.9921822170762099,0.2516160461673943,True,"(('Confirmation of receipt', 'T06 Determine necessity of stop advice', 'T07-2 Draft intern advice aspect 2', 'T06 Determine necessity of stop advice', 'T10 Determine necessity to stop indication', 'T02 Check confirmation of receipt', 'T04 Determine confirmation of receipt'), <InfixType.NOT_AN_INFIX: 4>)"
59,59,0.4014299969952929,0.9921822170762099,0.2516160461673943,True,"(('Confirmation of receipt', 'T02 Check confirmation of receipt', 'T04 Determine confirmation of receipt', 'T06 Determine necessity of stop advice', 'T07-5 Draft intern advice aspect 5', 'T06 Determine necessity of stop advice', 'T07-5 Draft intern advice aspect 5', 'T06 Determine necessity of stop advice', 'T07-5 Draft intern advice aspect 5', 'T06 Determine necessity of stop advice', 'T07-5 Draft intern advice aspect 5', 'T06 Determine necessity of stop advice', 'T05 Print and send confirmation of receipt', 'T07-5 Draft intern advice aspect 5', 'T06 Determine necessity of stop advice', 'T07-5 Draft intern advice aspect 5', 'T06 Determine necessity of stop advice', 'T10 Determine necessity to stop indication'), <InfixType.NOT_AN_INFIX: 4>)"
60,60,0.4014299969952929,0.9921822170762099,0.2516160461673943,True,"(('Confirmation of receipt', 'T06 Determine necessity of stop advice', 'T02 Check confirmation of receipt', 'T04 Determine confirmation of receipt', 'T08 Draft and send request for advice', 'T09-1 Process or receive external advice from party 1', 'T06 Determine necessity of stop advice', 'T10 Determine necessity to stop indication'), <InfixType.NOT_AN_INFIX: 4>)"
61,61,0.4014299969952929,0.9921822170762099,0.2516160461673943,True,"(('T02 Check confirmation of receipt', 'T04 Determine confirmation of receipt', 'T06 Determine necessity of stop advice', 'T07-2 Draft intern advice aspect 2', 'T05 Print and send confirmation of receipt', 'T06 Determine necessity of stop advice', 'T07-2 Draft intern advice aspect 2', 'T06 Determine necessity of stop advice', 'T07-2 Draft intern advice aspect 2', 'T06 Determine necessity of stop advice', 'T10 Determine necessity to stop indication'), <InfixType.NOT_AN_INFIX: 4>)"
62,62,0.4014299969952929,0.9921822170762099,0.2516160461673943,True,"(('Confirmation of receipt', 'T06 Determine necessity of stop advice', 'T07-2 Draft intern advice aspect 2', 'T06 Determine necessity of stop advice', 'T07-2 Draft intern advice aspect 2', 'T02 Check confirmation of receipt', 'T04 Determine confirmation of receipt', 'T06 Determine necessity of stop advice', 'T07-2 Draft intern advice aspect 2', 'T06 Determine necessity of stop advice', 'T10 Determine necessity to stop indication', 'T05 Print and send confirmation of receipt'), <InfixType.NOT_AN_INFIX: 4>)"
63,63,0.4014299969952929,0.9921822170762099,0.2516160461673943,True,"(('Confirmation of receipt', 'T02 Check confirmation of receipt', 'T06 Determine necessity of stop advice', 'T07-1 Draft intern advice aspect 1', 'T06 Determine necessity of stop advice', 'T07-1 Draft intern advice aspect 1', 'T06 Determine necessity of stop advice', 'T10 Determine necessity to stop indication', 'T04 Determine confirmation of receipt', 'T05 Print and send confirmation of receipt'), <InfixType.NOT_AN_INFIX: 4>)"
64,64,0.4014299969952929,0.9921822170762099,0.2516160461673943,True,"(('Confirmation of receipt', 'T06 Determine necessity of stop advice', 'T10 Determine necessity to stop indication', 'T02 Check confirmation of receipt', 'T03 Adjust confirmation of receipt', 'T02 Check confirmation of receipt', 'T03 Adjust confirmation of receipt', 'T02 Check confirmation of receipt', 'T03 Adjust confirmation of receipt', 'T02 Check confirmation of receipt', 'T04 Determine confirmation of receipt', 'T05 Print and send confirmation of receipt'), <InfixType.NOT_AN_INFIX: 4>)"
65,65,0.4014299969952929,0.9921822170762099,0.2516160461673943,True,"(('Confirmation of receipt', 'T06 Determine necessity of stop advice', 'T07-5 Draft intern advice aspect 5', 'T06 Determine necessity of stop advice', 'T10 Determine necessity to stop indication', 'T02 Check confirmation of receipt', 'T04 Determine confirmation of receipt'), <InfixType.NOT_AN_INFIX: 4>)"
66,66,0.4014299969952929,0.9921822170762099,0.2516160461673943,True,"(('T02 Check confirmation of receipt', 'T04 Determine confirmation of receipt', 'T05 Print and send confirmation of receipt', 'T06 Determine necessity of stop advice', 'T07-1 Draft intern advice aspect 1', 'T06 Determine necessity of stop advice', 'T07-1 Draft intern advice aspect 1', 'T06 Determine necessity of stop advice', 'T10 Determine necessity to stop indication'), <InfixType.NOT_AN_INFIX: 4>)"
67,67,0.4014299969952929,0.9921822170762099,0.2516160461673943,True,"(('Confirmation of receipt', 'T06 Determine necessity of stop advice', 'T07-1 Draft intern advice aspect 1', 'T06 Determine necessity of stop advice', 'T10 Determine necessity to stop indication', 'T02 Check confirmation of receipt', 'T04 Determine confirmation of receipt', 'T05 Print and send confirmation of receipt'), <InfixType.NOT_AN_INFIX: 4>)"
68,68,0.4014299969952929,0.9921822170762099,0.2516160461673943,True,"(('T02 Check confirmation of receipt', 'T06 Determine necessity of stop advice', 'T07-1 Draft intern advice aspect 1', 'T06 Determine necessity of stop advice', 'T07-1 Draft intern advice aspect 1', 'T06 Determine necessity of stop advice', 'T07-1 Draft intern advice aspect 1', 'T06 Determine necessity of stop advice', 'T10 Determine necessity to stop indication', 'T04 Determine confirmation of receipt'), <InfixType.NOT_AN_INFIX: 4>)"
69,69,0.4014299969952929,0.9921822170762099,0.2516160461673943,True,"(('Confirmation of receipt', 'T06 Determine necessity of stop advice', 'T10 Determine necessity to stop indication', 'T02 Check confirmation of receipt', 'T04 Determine confirmation of receipt'), <InfixType.NOT_AN_INFIX: 4>)"
70,70,0.4014299969952929,0.9921822170762099,0.2516160461673943,True,"(('T06 Determine necessity of stop advice', 'T10 Determine necessity to stop indication', 'T02 Check confirmation of receipt', 'T04 Determine confirmation of receipt', 'T05 Print and send confirmation of receipt'), <InfixType.NOT_AN_INFIX: 4>)"
71,71,0.4014299969952929,0.9921822170762099,0.2516160461673943,True,"(('T02 Check confirmation of receipt', 'T04 Determine confirmation of receipt', 'T05 Print and send confirmation of receipt', 'T06 Determine necessity of stop advice', 'T10 Determine necessity to stop indication', 'T16 Report reasons to hold request', 'T17 Check report Y to stop indication', 'T19 Determine report Y to stop indication', 'T20 Print report Y to stop indication'), <InfixType.NOT_AN_INFIX: 4>)"
72,72,0.4527750978369575,0.9961947970561045,0.292964373739637,False,"(('Confirmation of receipt', 'T02 Check confirmation of receipt', 'T06 Determine necessity of stop advice', 'T10 Determine necessity to stop indication', 'T11 Create document X request unlicensed', 'T12 Check document X request unlicensed', 'T04 Determine confirmation of receipt', 'T14 Determine document X request unlicensed', 'T05 Print and send confirmation of receipt'), <InfixType.NOT_AN_INFIX: 4>)"
73,73,0.4527750978369575,0.9961947970561045,0.292964373739637,True,"(('T06 Determine necessity of stop advice', 'T02 Check confirmation of receipt', 'T04 Determine confirmation of receipt', 'T05 Print and send confirmation of receipt', 'T08 Draft and send request for advice', 'T09-4 Process or receive external advice from party 4', 'T06 Determine necessity of stop advice', 'T07-1 Draft intern advice aspect 1', 'T06 Determine necessity of stop advice', 'T10 Determine necessity to stop indication'), <InfixType.NOT_AN_INFIX: 4>)"
74,74,0.4527750978369575,0.9961947970561045,0.292964373739637,True,"(('Confirmation of receipt', 'T06 Determine necessity of stop advice', 'T07-1 Draft intern advice aspect 1', 'T07-2 Draft intern advice aspect 2', 'T06 Determine necessity of stop advice', 'T07-1 Draft intern advice aspect 1', 'T02 Check confirmation of receipt', 'T07-2 Draft intern advice aspect 2'), <InfixType.NOT_AN_INFIX: 4>)"
75,75,0.4527750978369575,0.9961947970561045,0.292964373739637,True,"(('T06 Determine necessity of stop advice', 'T08 Draft and send request for advice', 'T07-1 Draft intern advice aspect 1', 'T07-2 Draft intern advice aspect 2', 'T09-1 Process or receive external advice from party 1', 'T06 Determine necessity of stop advice', 'T10 Determine necessity to stop indication', 'T02 Check confirmation of receipt', 'T03 Adjust confirmation of receipt', 'T02 Check confirmation of receipt', 'T04 Determine confirmation of receipt', 'T05 Print and send confirmation of receipt'), <InfixType.NOT_AN_INFIX: 4>)"
76,76,0.4527750978369575,0.9961947970561045,0.292964373739637,True,"(('Confirmation of receipt', 'T02 Check confirmation of receipt', 'T03 Adjust confirmation of receipt', 'T02 Check confirmation of receipt', 'T04 Determine confirmation of receipt', 'T05 Print and send confirmation of receipt', 'T06 Determine necessity of stop advice'), <InfixType.NOT_AN_INFIX: 4>)"
77,77,0.4527750978369575,0.9961947970561045,0.292964373739637,True,"(('Confirmation of receipt', 'T02 Check confirmation of receipt', 'T04 Determine confirmation of receipt', 'T06 Determine necessity of stop advice', 'T07-1 Draft intern advice aspect 1', 'T06 Determine necessity of stop advice', 'T07-1 Draft intern advice aspect 1', 'T06 Determine necessity of stop advice', 'T10 Determine necessity to stop indication', 'T05 Print and send confirmation of receipt'), <InfixType.NOT_AN_INFIX: 4>)"
78,78,0.4527750978369575,0.9961947970561045,0.292964373739637,True,"(('T06 Determine necessity of stop advice', 'T02 Check confirmation of receipt', 'T10 Determine necessity to stop indication', 'T04 Determine confirmation of receipt'), <InfixType.NOT_AN_INFIX: 4>)"
79,79,0.4527750978369575,0.9961947970561045,0.292964373739637,True,"(('Confirmation of receipt', 'T02 Check confirmation of receipt', 'T04 Determine confirmation of receipt', 'T06 Determine necessity of stop advice', 'T10 Determine necessity to stop indication', 'T16 Report reasons to hold request', 'T17 Check report Y to stop indication', 'T19 Determine report Y to stop indication', 'T20 Print report Y to stop indication', 'T05 Print and send confirmation of receipt'), <InfixType.NOT_AN_INFIX: 4>)"
80,80,0.4527750978369575,0.9961947970561045,0.292964373739637,True,"(('T02 Check confirmation of receipt', 'T06 Determine necessity of stop advice', 'T07-1 Draft intern advice aspect 1', 'T06 Determine necessity of stop advice', 'T07-1 Draft intern advice aspect 1', 'T06 Determine necessity of stop advice', 'T10 Determine necessity to stop indication', 'T04 Determine confirmation of receipt'), <InfixType.NOT_AN_INFIX: 4>)"
81,81,0.4527750978369575,0.9961947970561045,0.292964373739637,True,"(('T06 Determine necessity of stop advice', 'T07-1 Draft intern advice aspect 1', 'T06 Determine necessity of stop advice', 'T10 Determine necessity to stop indication', 'T02 Check confirmation of receipt', 'T04 Determine confirmation of receipt', 'T05 Print and send confirmation of receipt'), <InfixType.NOT_AN_INFIX: 4>)"
82,82,0.4527750978369575,0.9961947970561045,0.292964373739637,True,"(('Confirmation of receipt', 'T06 Determine necessity of stop advice', 'T07-2 Draft intern advice aspect 2', 'T07-1 Draft intern advice aspect 1', 'T06 Determine necessity of stop advice', 'T10 Determine necessity to stop indication', 'T02 Check confirmation of receipt', 'T04 Determine confirmation of receipt', 'T05 Print and send confirmation of receipt'), <InfixType.NOT_AN_INFIX: 4>)"
83,83,0.4527750978369575,0.9961947970561045,0.292964373739637,True,"(('Confirmation of receipt', 'T02 Check confirmation of receipt', 'T06 Determine necessity of stop advice', 'T04 Determine confirmation of receipt', 'T05 Print and send confirmation of receipt', 'T10 Determine necessity to stop indication', 'T11 Create document X request unlicensed', 'T12 Check document X request unlicensed', 'T14 Determine document X request unlicensed', 'T15 Print document X request unlicensed'), <InfixType.NOT_AN_INFIX: 4>)"
84,84,0.4527750978369575,0.9961947970561045,0.292964373739637,True,"(('Confirmation of receipt', 'T02 Check confirmation of receipt', 'T04 Determine confirmation of receipt', 'T05 Print and send confirmation of receipt', 'T06 Determine necessity of stop advice', 'T10 Determine necessity to stop indication', 'T16 Report reasons to hold request', 'T17 Check report Y to stop indication', 'T18 Adjust report Y to stop indicition', 'T17 Check report Y to stop indication', 'T18 Adjust report Y to stop indicition', 'T17 Check report Y to stop indication', 'T18 Adjust report Y to stop indicition', 'T17 Check report Y to stop indication', 'T18 Adjust report Y to stop indicition', 'T17 Check report Y to stop indication', 'T19 Determine report Y to stop indication', 'T20 Print report Y to stop indication'), <InfixType.NOT_AN_INFIX: 4>)"
85,85,0.4527750978369575,0.9961947970561045,0.292964373739637,True,"(('Confirmation of receipt', 'T02 Check confirmation of receipt', 'T04 Determine confirmation of receipt', 'T05 Print and send confirmation of receipt', 'T06 Determine necessity of stop advice', 'T08 Draft and send request for advice', 'T09-1 Process or receive external advice from party 1', 'T06 Determine necessity of stop advice', 'T10 Determine necessity to stop indication'), <InfixType.NOT_AN_INFIX: 4>)"
86,86,0.4527750978369575,0.9961947970561045,0.292964373739637,True,"(('Confirmation of receipt', 'T02 Check confirmation of receipt', 'T06 Determine necessity of stop advice', 'T07-5 Draft intern advice aspect 5', 'T06 Determine necessity of stop advice', 'T10 Determine necessity to stop indication', 'T04 Determine confirmation of receipt', 'T05 Print and send confirmation of receipt'), <InfixType.NOT_AN_INFIX: 4>)"
87,87,0.4527750978369575,0.9961947970561045,0.292964373739637,True,"(('T02 Check confirmation of receipt', 'T04 Determine confirmation of receipt', 'T06 Determine necessity of stop advice', 'T10 Determine necessity to stop indication', 'T05 Print and send confirmation of receipt'), <InfixType.NOT_AN_INFIX: 4>)"
88,88,0.4527750978369575,0.9961947970561045,0.292964373739637,True,"(('Confirmation of receipt', 'T02 Check confirmation of receipt', 'T06 Determine necessity of stop advice'), <InfixType.NOT_AN_INFIX: 4>)"
89,89,0.4527750978369575,0.9961947970561045,0.292964373739637,True,"(('T06 Determine necessity of stop advice', 'T07-5 Draft intern advice aspect 5', 'T07-1 Draft intern advice aspect 1', 'T06 Determine necessity of stop advice', 'T10 Determine necessity to stop indication', 'T02 Check confirmation of receipt', 'T04 Determine confirmation of receipt', 'T05 Print and send confirmation of receipt'), <InfixType.NOT_AN_INFIX: 4>)"
90,90,0.4527750978369575,0.9961947970561045,0.292964373739637,True,"(('Confirmation of receipt', 'T02 Check confirmation of receipt', 'T04 Determine confirmation of receipt', 'T05 Print and send confirmation of receipt', 'T06 Determine necessity of stop advice', 'T07-5 Draft intern advice aspect 5', 'T06 Determine necessity of stop advice', 'T07-5 Draft intern advice aspect 5', 'T06 Determine necessity of stop advice', 'T07-5 Draft intern advice aspect 5', 'T06 Determine necessity of stop advice'), <InfixType.NOT_AN_INFIX: 4>)"
91,91,0.4527750978369575,0.9961947970561045,0.292964373739637,True,"(('T02 Check confirmation of receipt', 'T04 Determine confirmation of receipt', 'T05 Print and send confirmation of receipt', 'T06 Determine necessity of stop advice'), <InfixType.NOT_AN_INFIX: 4>)"
92,92,0.4527750978369575,0.9961947970561045,0.292964373739637,True,"(('T06 Determine necessity of stop advice', 'T02 Check confirmation of receipt', 'T10 Determine necessity to stop indication', 'T04 Determine confirmation of receipt', 'T05 Print and send confirmation of receipt'), <InfixType.NOT_AN_INFIX: 4>)"
93,93,0.4527750978369575,0.9961947970561045,0.292964373739637,True,"(('T02 Check confirmation of receipt', 'T04 Determine confirmation of receipt', 'T05 Print and send confirmation of receipt', 'T06 Determine necessity of stop advice', 'T07-1 Draft intern advice aspect 1', 'T08 Draft and send request for advice', 'T09-4 Process or receive external advice from party 4', 'T06 Determine necessity of stop advice'), <InfixType.NOT_AN_INFIX: 4>)"
94,94,0.4527750978369575,0.9961947970561045,0.292964373739637,True,"(('T02 Check confirmation of receipt', 'T04 Determine confirmation of receipt', 'T05 Print and send confirmation of receipt', 'T06 Determine necessity of stop advice', 'T10 Determine necessity to stop indication', 'T16 Report reasons to hold request', 'T17 Check report Y to stop indication', 'T19 Determine report Y to stop indication'), <InfixType.NOT_AN_INFIX: 4>)"
95,95,0.4527750978369575,0.9961947970561045,0.292964373739637,True,"(('T02 Check confirmation of receipt', 'T06 Determine necessity of stop advice', 'T04 Determine confirmation of receipt', 'T10 Determine necessity to stop indication'), <InfixType.NOT_AN_INFIX: 4>)"
96,96,0.4527750978369575,0.9961947970561045,0.292964373739637,True,"(('Confirmation of receipt', 'T06 Determine necessity of stop advice', 'T02 Check confirmation of receipt', 'T04 Determine confirmation of receipt', 'T05 Print and send confirmation of receipt', 'T10 Determine necessity to stop indication', 'T11 Create document X request unlicensed', 'T12 Check document X request unlicensed', 'T14 Determine document X request unlicensed', 'T15 Print document X request unlicensed'), <InfixType.NOT_AN_INFIX: 4>)"
97,97,0.4527750978369575,0.9961947970561045,0.292964373739637,True,"(('Confirmation of receipt', 'T06 Determine necessity of stop advice', 'T02 Check confirmation of receipt', 'T04 Determine confirmation of receipt', 'T05 Print and send confirmation of receipt', 'T07-2 Draft intern advice aspect 2', 'T06 Determine necessity of stop advice', 'T10 Determine necessity to stop indication'), <InfixType.NOT_AN_INFIX: 4>)"
98,98,0.4527750978369575,0.9961947970561045,0.292964373739637,True,"(('Confirmation of receipt', 'T06 Determine necessity of stop advice', 'T10 Determine necessity to stop indication', 'T02 Check confirmation of receipt', 'T04 Determine confirmation of receipt', 'T05 Print and send confirmation of receipt', 'T11 Create document X request unlicensed', 'T12 Check document X request unlicensed', 'T14 Determine document X request unlicensed'), <InfixType.NOT_AN_INFIX: 4>)"
99,99,0.4527750978369575,0.9961947970561045,0.292964373739637,True,"(('Confirmation of receipt', 'T06 Determine necessity of stop advice', 'T10 Determine necessity to stop indication', 'T02 Check confirmation of receipt', 'T04 Determine confirmation of receipt', 'T05 Print and send confirmation of receipt', 'T16 Report reasons to hold request', 'T17 Check report Y to stop indication', 'T19 Determine report Y to stop indication', 'T20 Print report Y to stop indication'), <InfixType.NOT_AN_INFIX: 4>)"
100,100,0.4527750978369575,0.9961947970561045,0.292964373739637,True,"(('Confirmation of receipt', 'T02 Check confirmation of receipt', 'T04 Determine confirmation of receipt', 'T05 Print and send confirmation of receipt', 'T06 Determine necessity of stop advice', 'T10 Determine necessity to stop indication', 'T16 Report reasons to hold request', 'T17 Check report Y to stop indication', 'T18 Adjust report Y to stop indicition', 'T17 Check report Y to stop indication', 'T18 Adjust report Y to stop indicition', 'T17 Check report Y to stop indication', 'T19 Determine report Y to stop indication', 'T20 Print report Y to stop indication'), <InfixType.NOT_AN_INFIX: 4>)"
101,101,0.4527750978369575,0.9961947970561045,0.292964373739637,True,"(('T02 Check confirmation of receipt', 'T05 Print and send confirmation of receipt', 'T06 Determine necessity of stop advice', 'T10 Determine necessity to stop indication'), <InfixType.NOT_AN_INFIX: 4>)"
102,102,0.4527750978369575,0.9961947970561045,0.292964373739637,True,"(('T02 Check confirmation of receipt', 'T03 Adjust confirmation of receipt', 'T02 Check confirmation of receipt', 'T03 Adjust confirmation of receipt', 'T02 Check confirmation of receipt', 'T03 Adjust confirmation of receipt', 'T02 Check confirmation of receipt', 'T03 Adjust confirmation of receipt', 'T02 Check confirmation of receipt', 'T03 Adjust confirmation of receipt', 'T06 Determine necessity of stop advice', 'T02 Check confirmation of receipt', 'T04 Determine confirmation of receipt', 'T05 Print and send confirmation of receipt'), <InfixType.NOT_AN_INFIX: 4>)"
103,103,0.4527750978369575,0.9961947970561045,0.292964373739637,True,"(('Confirmation of receipt', 'T02 Check confirmation of receipt', 'T03 Adjust confirmation of receipt', 'T02 Check confirmation of receipt', 'T04 Determine confirmation of receipt', 'T05 Print and send confirmation of receipt', 'T06 Determine necessity of stop advice', 'T10 Determine necessity to stop indication'), <InfixType.NOT_AN_INFIX: 4>)"
104,104,0.4527750978369575,0.9961947970561045,0.292964373739637,True,"(('T02 Check confirmation of receipt', 'T06 Determine necessity of stop advice', 'T06 Determine necessity of stop advice', 'T06 Determine necessity of stop advice', 'T10 Determine necessity to stop indication', 'T03 Adjust confirmation of receipt', 'T02 Check confirmation of receipt', 'T04 Determine confirmation of receipt'), <InfixType.NOT_AN_INFIX: 4>)"
105,105,0.4527750978369575,0.9961947970561045,0.292964373739637,True,"(('T02 Check confirmation of receipt', 'T06 Determine necessity of stop advice', 'T10 Determine necessity to stop indication', 'T04 Determine confirmation of receipt', 'T03 Adjust confirmation of receipt', 'T02 Check confirmation of receipt'), <InfixType.NOT_AN_INFIX: 4>)"
106,106,0.4527750978369575,0.9961947970561045,0.292964373739637,True,"(('T02 Check confirmation of receipt', 'T04 Determine confirmation of receipt', 'T05 Print and send confirmation of receipt', 'T06 Determine necessity of stop advice', 'T08 Draft and send request for advice', 'T09-3 Process or receive external advice from party 3', 'T09-1 Process or receive external advice from party 1', 'T07-3 Draft intern advice hold for aspect 3', 'T07-5 Draft intern advice aspect 5', 'T09-2 Process or receive external advice from party 2', 'T09-4 Process or receive external advice from party 4', 'T07-2 Draft intern advice aspect 2', 'T07-1 Draft intern advice aspect 1', 'T07-4 Draft internal advice to hold for type 4', 'T06 Determine necessity of stop advice', 'T06 Determine necessity of stop advice'), <InfixType.NOT_AN_INFIX: 4>)"
107,107,0.4527750978369575,0.9961947970561045,0.292964373739637,True,"(('Confirmation of receipt', 'T02 Check confirmation of receipt', 'T03 Adjust confirmation of receipt', 'T02 Check confirmation of receipt'), <InfixType.NOT_AN_INFIX: 4>)"
108,108,0.4527750978369575,0.9961947970561045,0.292964373739637,True,"(('T02 Check confirmation of receipt', 'T06 Determine necessity of stop advice'), <InfixType.NOT_AN_INFIX: 4>)"
109,109,0.4527750978369575,0.9961947970561045,0.292964373739637,True,"(('Confirmation of receipt', 'T02 Check confirmation of receipt', 'T06 Determine necessity of stop advice', 'T04 Determine confirmation of receipt', 'T03 Adjust confirmation of receipt', 'T02 Check confirmation of receipt', 'T10 Determine necessity to stop indication', 'T04 Determine confirmation of receipt', 'T05 Print and send confirmation of receipt'), <InfixType.NOT_AN_INFIX: 4>)"
110,110,0.4527750978369575,0.9961947970561045,0.292964373739637,True,"(('Confirmation of receipt', 'T06 Determine necessity of stop advice', 'T02 Check confirmation of receipt', 'T07-1 Draft intern advice aspect 1', 'T04 Determine confirmation of receipt', 'T05 Print and send confirmation of receipt', 'T06 Determine necessity of stop advice', 'T07-1 Draft intern advice aspect 1', 'T06 Determine necessity of stop advice', 'T07-1 Draft intern advice aspect 1', 'T06 Determine necessity of stop advice', 'T07-1 Draft intern advice aspect 1', 'T06 Determine necessity of stop advice', 'T07-1 Draft intern advice aspect 1', 'T06 Determine necessity of stop advice', 'T07-1 Draft intern advice aspect 1', 'T06 Determine necessity of stop advice', 'T07-1 Draft intern advice aspect 1', 'T06 Determine necessity of stop advice', 'T07-1 Draft intern advice aspect 1', 'T06 Determine necessity of stop advice', 'T07-1 Draft intern advice aspect 1', 'T06 Determine necessity of stop advice', 'T10 Determine necessity to stop indication'), <InfixType.NOT_AN_INFIX: 4>)"
111,111,0.4527750978369575,0.9961947970561045,0.292964373739637,True,"(('T02 Check confirmation of receipt', 'T03 Adjust confirmation of receipt', 'T02 Check confirmation of receipt', 'T04 Determine confirmation of receipt', 'T05 Print and send confirmation of receipt', 'T06 Determine necessity of stop advice', 'T10 Determine necessity to stop indication'), <InfixType.NOT_AN_INFIX: 4>)"
112,112,0.4527750978369575,0.9961947970561045,0.292964373739637,True,"(('Confirmation of receipt', 'T02 Check confirmation of receipt', 'T06 Determine necessity of stop advice'), <InfixType.NOT_AN_INFIX: 4>)"
113,113,0.4527750978369575,0.9961947970561045,0.292964373739637,True,"(('Confirmation of receipt', 'T06 Determine necessity of stop advice', 'T02 Check confirmation of receipt', 'T04 Determine confirmation of receipt', 'T10 Determine necessity to stop indication', 'T05 Print and send confirmation of receipt'), <InfixType.NOT_AN_INFIX: 4>)"
114,114,0.4527750978369575,0.9961947970561045,0.292964373739637,True,"(('Confirmation of receipt', 'T02 Check confirmation of receipt', 'T04 Determine confirmation of receipt', 'T05 Print and send confirmation of receipt'), <InfixType.NOT_AN_INFIX: 4>)"
115,115,0.4527750978369575,0.9961947970561045,0.292964373739637,True,"(('Confirmation of receipt', 'T02 Check confirmation of receipt', 'T04 Determine confirmation of receipt', 'T05 Print and send confirmation of receipt', 'T06 Determine necessity of stop advice', 'T07-3 Draft intern advice hold for aspect 3', 'T07-2 Draft intern advice aspect 2', 'T06 Determine necessity of stop advice', 'T07-2 Draft intern advice aspect 2', 'T07-3 Draft intern advice hold for aspect 3', 'T06 Determine necessity of stop advice', 'T10 Determine necessity to stop indication'), <InfixType.NOT_AN_INFIX: 4>)"
116,116,0.4527750978369575,0.9961947970561045,0.292964373739637,True,"(('Confirmation of receipt', 'T02 Check confirmation of receipt', 'T06 Determine necessity of stop advice', 'T04 Determine confirmation of receipt', 'T05 Print and send confirmation of receipt', 'T07-5 Draft intern advice aspect 5', 'T08 Draft and send request for advice', 'T09-3 Process or receive external advice from party 3', 'T06 Determine necessity of stop advice', 'T10 Determine necessity to stop indication'), <InfixType.NOT_AN_INFIX: 4>)"
117,117,0.4527750978369575,0.9961947970561045,0.292964373739637,True,"(('Confirmation of receipt', 'T02 Check confirmation of receipt', 'T03 Adjust confirmation of receipt', 'T02 Check confirmation of receipt', 'T03 Adjust confirmation of receipt', 'T02 Check confirmation of receipt', 'T04 Determine confirmation of receipt', 'T05 Print and send confirmation of receipt', 'T06 Determine necessity of stop advice', 'T10 Determine necessity to stop indication'), <InfixType.NOT_AN_INFIX: 4>)"
118,118,0.4527750978369575,0.9961947970561045,0.292964373739637,True,"(('T02 Check confirmation of receipt', 'T06 Determine necessity of stop advice', 'T04 Determine confirmation of receipt', 'T10 Determine necessity to stop indication', 'T05 Print and send confirmation of receipt'), <InfixType.NOT_AN_INFIX: 4>)"
119,119,0.4527750978369575,0.9961947970561045,0.292964373739637,True,"(('Confirmation of receipt', 'T02 Check confirmation of receipt', 'T06 Determine necessity of stop advice', 'T08 Draft and send request for advice', 'T09-3 Process or receive external advice from party 3', 'T04 Determine confirmation of receipt', 'T03 Adjust confirmation of receipt', 'T02 Check confirmation of receipt', 'T04 Determine confirmation of receipt', 'T05 Print and send confirmation of receipt', 'T07-2 Draft intern advice aspect 2', 'T06 Determine necessity of stop advice', 'T08 Draft and send request for advice', 'T09-3 Process or receive external advice from party 3', 'T07-2 Draft intern advice aspect 2', 'T06 Determine necessity of stop advice', 'T07-2 Draft intern advice aspect 2', 'T08 Draft and send request for advice', 'T09-3 Process or receive external advice from party 3', 'T06 Determine necessity of stop advice', 'T08 Draft and send request for advice', 'T09-3 Process or receive external advice from party 3', 'T07-2 Draft intern advice aspect 2', 'T06 Determine necessity of stop advice', 'T10 Determine necessity to stop indication'), <InfixType.NOT_AN_INFIX: 4>)"
120,120,0.4527750978369575,0.9961947970561045,0.292964373739637,True,"(('Confirmation of receipt', 'T02 Check confirmation of receipt', 'T06 Determine necessity of stop advice', 'T10 Determine necessity to stop indication', 'T11 Create document X request unlicensed', 'T04 Determine confirmation of receipt', 'T05 Print and send confirmation of receipt', 'T12 Check document X request unlicensed', 'T14 Determine document X request unlicensed', 'T15 Print document X request unlicensed'), <InfixType.NOT_AN_INFIX: 4>)"
121,121,0.4527750978369575,0.9961947970561045,0.292964373739637,True,"(('Confirmation of receipt', 'T02 Check confirmation of receipt', 'T04 Determine confirmation of receipt', 'T05 Print and send confirmation of receipt', 'T06 Determine necessity of stop advice', 'T08 Draft and send request for advice', 'T09-3 Process or receive external advice from party 3', 'T06 Determine necessity of stop advice', 'T10 Determine necessity to stop indication'), <InfixType.NOT_AN_INFIX: 4>)"
122,122,0.4527750978369575,0.9961947970561045,0.292964373739637,True,"(('T06 Determine necessity of stop advice', 'T02 Check confirmation of receipt', 'T04 Determine confirmation of receipt', 'T10 Determine necessity to stop indication', 'T05 Print and send confirmation of receipt', 'T11 Create document X request unlicensed', 'T12 Check document X request unlicensed', 'T14 Determine document X request unlicensed'), <InfixType.NOT_AN_INFIX: 4>)"
123,123,0.4527750978369575,0.9961947970561045,0.292964373739637,True,"(('Confirmation of receipt', 'T06 Determine necessity of stop advice', 'T10 Determine necessity to stop indication', 'T02 Check confirmation of receipt'), <InfixType.NOT_AN_INFIX: 4>)"
124,124,0.4527750978369575,0.9961947970561045,0.292964373739637,True,"(('Confirmation of receipt', 'T06 Determine necessity of stop advice', 'T07-4 Draft internal advice to hold for type 4', 'T06 Determine necessity of stop advice', 'T10 Determine necessity to stop indication', 'T02 Check confirmation of receipt', 'T04 Determine confirmation of receipt'), <InfixType.NOT_AN_INFIX: 4>)"
125,125,0.4527750978369575,0.9961947970561045,0.292964373739637,True,"(('T02 Check confirmation of receipt', 'T04 Determine confirmation of receipt', 'T05 Print and send confirmation of receipt', 'T06 Determine necessity of stop advice', 'T07-4 Draft internal advice to hold for type 4', 'T06 Determine necessity of stop advice'), <InfixType.NOT_AN_INFIX: 4>)"
126,126,0.4527750978369575,0.9961947970561045,0.292964373739637,True,"(('Confirmation of receipt', 'T02 Check confirmation of receipt', 'T04 Determine confirmation of receipt', 'T06 Determine necessity of stop advice', 'T05 Print and send confirmation of receipt', 'T10 Determine necessity to stop indication', 'T11 Create document X request unlicensed', 'T12 Check document X request unlicensed', 'T14 Determine document X request unlicensed', 'T15 Print document X request unlicensed'), <InfixType.NOT_AN_INFIX: 4>)"
127,127,0.4527750978369575,0.9961947970561045,0.292964373739637,True,"(('Confirmation of receipt', 'T02 Check confirmation of receipt', 'T06 Determine necessity of stop advice', 'T10 Determine necessity to stop indication', 'T04 Determine confirmation of receipt', 'T03 Adjust confirmation of receipt', 'T02 Check confirmation of receipt', 'T04 Determine confirmation of receipt', 'T05 Print and send confirmation of receipt'), <InfixType.NOT_AN_INFIX: 4>)"
